iso_code,iso_code,date,new_deaths_smoothed_per_million,total_vaccinations,people_vaccinated,people_fully_vaccinated,new_deaths,excess_mortality,excess_mortality_cumulative_per_million
BRA,South America,2/26/2020,0,0,0,0,0,0,0
BRA,South America,2/27/2020,0,0,0,0,0,0,0
BRA,South America,2/28/2020,0,0,0,0,0,0,0
BRA,South America,2/29/2020,0,0,0,0,0,3.12,11.3266588
BRA,South America,3/1/2020,0,0,0,0,0,0,0
BRA,South America,3/2/2020,0,0,0,0,0,0,0
BRA,South America,3/3/2020,0,0,0,0,0,0,0
BRA,South America,3/4/2020,0,0,0,0,0,0,0
BRA,South America,3/5/2020,0,0,0,0,0,0,0
BRA,South America,3/6/2020,0,0,0,0,0,0,0
BRA,South America,3/7/2020,0,0,0,0,0,0,0
BRA,South America,3/8/2020,0,0,0,0,0,0,0
BRA,South America,3/9/2020,0,0,0,0,0,0,0
BRA,South America,3/10/2020,0,0,0,0,0,0,0
BRA,South America,3/11/2020,0,0,0,0,0,0,0
BRA,South America,3/12/2020,0,0,0,0,0,0,0
BRA,South America,3/13/2020,0,0,0,0,0,0,0
BRA,South America,3/14/2020,0,0,0,0,0,0,0
BRA,South America,3/15/2020,0,0,0,0,0,0,0
BRA,South America,3/16/2020,0,0,0,0,0,0,0
BRA,South America,3/17/2020,0,0,0,0,1,0,0
BRA,South America,3/18/2020,0,0,0,0,2,0,0
BRA,South America,3/19/2020,0,0,0,0,3,0,0
BRA,South America,3/20/2020,0,0,0,0,5,0,0
BRA,South America,3/21/2020,0,0,0,0,4,0,0
BRA,South America,3/22/2020,0.017,0,0,0,10,0,0
BRA,South America,3/23/2020,0.023,0,0,0,9,0,0
BRA,South America,3/24/2020,0.03,0,0,0,12,0,0
BRA,South America,3/25/2020,0.037,0,0,0,13,0,0
BRA,South America,3/26/2020,0.047,0,0,0,18,0,0
BRA,South America,3/27/2020,0.054,0,0,0,15,0,0
BRA,South America,3/28/2020,0.064,0,0,0,19,0,0
BRA,South America,3/29/2020,0.074,0,0,0,25,0,0
BRA,South America,3/30/2020,0.083,0,0,0,23,0,0
BRA,South America,3/31/2020,0.103,0,0,0,42,4.48,34.9094007
BRA,South America,4/1/2020,0.121,0,0,0,39,0,0
BRA,South America,4/2/2020,0.165,0,0,0,84,0,0
BRA,South America,4/3/2020,0.178,0,0,0,35,0,0
BRA,South America,4/4/2020,0.223,0,0,0,86,0,0
BRA,South America,4/5/2020,0.233,0,0,0,41,0,0
BRA,South America,4/6/2020,0.27,0,0,0,78,0,0
BRA,South America,4/7/2020,0.323,0,0,0,122,0,0
BRA,South America,4/8/2020,0.386,0,0,0,133,0,0
BRA,South America,4/9/2020,0.417,0,0,0,131,0,0
BRA,South America,4/10/2020,0.465,0,0,0,107,0,0
BRA,South America,4/11/2020,0.453,0,0,0,67,0,0
BRA,South America,4/12/2020,0.491,0,0,0,99,0,0
BRA,South America,4/13/2020,0.509,0,0,0,105,0,0
BRA,South America,4/14/2020,0.564,0,0,0,204,0,0
BRA,South America,4/15/2020,0.611,0,0,0,204,0,0
BRA,South America,4/16/2020,0.649,0,0,0,188,0,0
BRA,South America,4/17/2020,0.723,0,0,0,217,0,0
BRA,South America,4/18/2020,0.82,0,0,0,213,0,0
BRA,South America,4/19/2020,0.826,0,0,0,108,0,0
BRA,South America,4/20/2020,0.839,0,0,0,125,0,0
BRA,South America,4/21/2020,0.806,0,0,0,154,0,0
BRA,South America,4/22/2020,0.78,0,0,0,165,0,0
BRA,South America,4/23/2020,0.938,0,0,0,425,0,0
BRA,South America,4/24/2020,1.042,0,0,0,373,0,0
BRA,South America,4/25/2020,1.135,0,0,0,353,0,0
BRA,South America,4/26/2020,1.216,0,0,0,229,0,0
BRA,South America,4/27/2020,1.344,0,0,0,317,0,0
BRA,South America,4/28/2020,1.561,0,0,0,480,0,0
BRA,South America,4/29/2020,1.738,0,0,0,430,0,0
BRA,South America,4/30/2020,1.783,0,0,0,493,9.42,84.53655249
BRA,South America,5/1/2020,1.805,0,0,0,406,0,0
BRA,South America,5/2/2020,1.802,0,0,0,349,0,0
BRA,South America,5/3/2020,1.843,0,0,0,290,0,0
BRA,South America,5/4/2020,1.842,0,0,0,316,0,0
BRA,South America,5/5/2020,1.903,0,0,0,571,0,0
BRA,South America,5/6/2020,2.05,0,0,0,650,0,0
BRA,South America,5/7/2020,2.122,0,0,0,602,0,0
BRA,South America,5/8/2020,2.403,0,0,0,827,0,0
BRA,South America,5/9/2020,2.596,0,0,0,639,0,0
BRA,South America,5/10/2020,2.714,0,0,0,467,0,0
BRA,South America,5/11/2020,2.857,0,0,0,530,0,0
BRA,South America,5/12/2020,3.015,0,0,0,808,0,0
BRA,South America,5/13/2020,3.101,0,0,0,779,0,0
BRA,South America,5/14/2020,3.205,0,0,0,759,0,0
BRA,South America,5/15/2020,3.296,0,0,0,963,0,0
BRA,South America,5/16/2020,3.337,0,0,0,700,0,0
BRA,South America,5/17/2020,3.329,0,0,0,456,0,0
BRA,South America,5/18/2020,3.466,0,0,0,735,0,0
BRA,South America,5/19/2020,3.681,0,0,0,1130,0,0
BRA,South America,5/20/2020,3.879,0,0,0,1076,0,0
BRA,South America,5/21/2020,4.085,0,0,0,1069,0,0
BRA,South America,5/22/2020,4.131,0,0,0,1031,0,0
BRA,South America,5/23/2020,4.361,0,0,0,1046,0,0
BRA,South America,5/24/2020,4.496,0,0,0,658,0,0
BRA,South America,5/25/2020,4.49,0,0,0,727,0,0
BRA,South America,5/26/2020,4.44,0,0,0,1054,0,0
BRA,South America,5/27/2020,4.43,0,0,0,1061,0,0
BRA,South America,5/28/2020,4.51,0,0,0,1190,0,0
BRA,South America,5/29/2020,4.581,0,0,0,1137,0,0
BRA,South America,5/30/2020,4.46,0,0,0,864,0,0
BRA,South America,5/31/2020,4.335,0,0,0,471,28.71,245.3605502
BRA,South America,6/1/2020,4.345,0,0,0,741,0,0
BRA,South America,6/2/2020,4.552,0,0,0,1365,0,0
BRA,South America,6/3/2020,4.64,0,0,0,1194,0,0
BRA,South America,6/4/2020,4.854,0,0,0,1510,0,0
BRA,South America,6/5/2020,4.813,0,0,0,1076,0,0
BRA,South America,6/6/2020,4.771,0,0,0,801,0,0
BRA,South America,6/7/2020,4.774,0,0,0,476,0,0
BRA,South America,6/8/2020,4.856,0,0,0,863,0,0
BRA,South America,6/9/2020,4.741,0,0,0,1193,0,0
BRA,South America,6/10/2020,4.77,0,0,0,1238,0,0
BRA,South America,6/11/2020,4.609,0,0,0,1268,0,0
BRA,South America,6/12/2020,4.454,0,0,0,843,0,0
BRA,South America,6/13/2020,4.491,0,0,0,857,0,0
BRA,South America,6/14/2020,4.596,0,0,0,634,0,0
BRA,South America,6/15/2020,4.53,0,0,0,764,0,0
BRA,South America,6/16/2020,4.623,0,0,0,1332,0,0
BRA,South America,6/17/2020,4.588,0,0,0,1185,0,0
BRA,South America,6/18/2020,4.568,0,0,0,1239,0,0
BRA,South America,6/19/2020,4.788,0,0,0,1172,0,0
BRA,South America,6/20/2020,4.871,0,0,0,982,0,0
BRA,South America,6/21/2020,4.837,0,0,0,583,0,0
BRA,South America,6/22/2020,4.836,0,0,0,762,0,0
BRA,South America,6/23/2020,4.885,0,0,0,1406,0,0
BRA,South America,6/24/2020,4.831,0,0,0,1104,0,0
BRA,South America,6/25/2020,4.792,0,0,0,1180,0,0
BRA,South America,6/26/2020,4.672,0,0,0,993,0,0
BRA,South America,6/27/2020,4.705,0,0,0,1031,0,0
BRA,South America,6/28/2020,4.712,0,0,0,594,0,0
BRA,South America,6/29/2020,4.686,0,0,0,722,0,0
BRA,South America,6/30/2020,4.626,0,0,0,1317,17.43,342.7653367
BRA,South America,7/1/2020,4.614,0,0,0,1086,0,0
BRA,South America,7/2/2020,4.667,0,0,0,1259,0,0
BRA,South America,7/3/2020,4.814,0,0,0,1213,0,0
BRA,South America,7/4/2020,4.833,0,0,0,1060,0,0
BRA,South America,7/5/2020,4.809,0,0,0,558,0,0
BRA,South America,7/6/2020,4.784,0,0,0,685,0,0
BRA,South America,7/7/2020,4.773,0,0,0,1300,0,0
BRA,South America,7/8/2020,4.831,0,0,0,1173,0,0
BRA,South America,7/9/2020,4.806,0,0,0,1222,0,0
BRA,South America,7/10/2020,4.863,0,0,0,1298,0,0
BRA,South America,7/11/2020,4.778,0,0,0,932,0,0
BRA,South America,7/12/2020,4.817,0,0,0,617,0,0
BRA,South America,7/13/2020,4.917,0,0,0,835,0,0
BRA,South America,7/14/2020,4.913,0,0,0,1294,0,0
BRA,South America,7/15/2020,4.984,0,0,0,1280,0,0
BRA,South America,7/16/2020,5.036,0,0,0,1299,0,0
BRA,South America,7/17/2020,4.919,0,0,0,1123,0,0
BRA,South America,7/18/2020,4.86,0,0,0,844,0,0
BRA,South America,7/19/2020,4.921,0,0,0,708,0,0
BRA,South America,7/20/2020,4.876,0,0,0,768,0,0
BRA,South America,7/21/2020,4.892,0,0,0,1317,0,0
BRA,South America,7/22/2020,4.902,0,0,0,1296,0,0
BRA,South America,7/23/2020,4.912,0,0,0,1313,0,0
BRA,South America,7/24/2020,4.94,0,0,0,1165,0,0
BRA,South America,7/25/2020,5.11,0,0,0,1099,0,0
BRA,South America,7/26/2020,5.025,0,0,0,581,0,0
BRA,South America,7/27/2020,4.97,0,0,0,685,0,0
BRA,South America,7/28/2020,4.93,0,0,0,1258,0,0
BRA,South America,7/29/2020,4.866,0,0,0,1199,0,0
BRA,South America,7/30/2020,4.792,0,0,0,1202,0,0
BRA,South America,7/31/2020,4.86,0,0,0,1267,17.04,441.4364172
BRA,South America,8/1/2020,4.754,0,0,0,941,0,0
BRA,South America,8/2/2020,4.716,0,0,0,524,0,0
BRA,South America,8/3/2020,4.661,0,0,0,602,0,0
BRA,South America,8/4/2020,4.728,0,0,0,1358,0,0
BRA,South America,8/5/2020,4.839,0,0,0,1366,0,0
BRA,South America,8/6/2020,4.855,0,0,0,1226,0,0
BRA,South America,8/7/2020,4.734,0,0,0,1085,0,0
BRA,South America,8/8/2020,4.658,0,0,0,827,0,0
BRA,South America,8/9/2020,4.688,0,0,0,569,0,0
BRA,South America,8/10/2020,4.812,0,0,0,789,0,0
BRA,South America,8/11/2020,4.703,0,0,0,1194,0,0
BRA,South America,8/12/2020,4.582,0,0,0,1184,0,0
BRA,South America,8/13/2020,4.592,0,0,0,1242,0,0
BRA,South America,8/14/2020,4.54,0,0,0,1007,0,0
BRA,South America,8/15/2020,4.471,0,0,0,723,0,0
BRA,South America,8/16/2020,4.483,0,0,0,587,0,0
BRA,South America,8/17/2020,4.488,0,0,0,796,0,0
BRA,South America,8/18/2020,4.593,0,0,0,1352,0,0
BRA,South America,8/19/2020,4.579,0,0,0,1163,0,0
BRA,South America,8/20/2020,4.576,0,0,0,1237,0,0
BRA,South America,8/21/2020,4.605,0,0,0,1051,0,0
BRA,South America,8/22/2020,4.675,0,0,0,828,0,0
BRA,South America,8/23/2020,4.587,0,0,0,455,0,0
BRA,South America,8/24/2020,4.538,0,0,0,723,0,0
BRA,South America,8/25/2020,4.439,0,0,0,1203,0,0
BRA,South America,8/26/2020,4.383,0,0,0,1079,0,0
BRA,South America,8/27/2020,4.215,0,0,0,985,0,0
BRA,South America,8/28/2020,4.081,0,0,0,849,0,0
BRA,South America,8/29/2020,4.127,0,0,0,897,0,0
BRA,South America,8/30/2020,4.091,0,0,0,401,0,0
BRA,South America,8/31/2020,4.04,0,0,0,647,19.9,550.9003908
BRA,South America,9/1/2020,4.005,0,0,0,1150,0,0
BRA,South America,9/2/2020,4.088,0,0,0,1204,0,0
BRA,South America,9/3/2020,4.009,0,0,0,867,0,0
BRA,South America,9/4/2020,4.009,0,0,0,849,0,0
BRA,South America,9/5/2020,3.814,0,0,0,604,0,0
BRA,South America,9/6/2020,3.852,0,0,0,458,0,0
BRA,South America,9/7/2020,3.634,0,0,0,320,0,0
BRA,South America,9/8/2020,3.217,0,0,0,525,0,0
BRA,South America,9/9/2020,3.186,0,0,0,1157,0,0
BRA,South America,9/10/2020,3.257,0,0,0,974,0,0
BRA,South America,9/11/2020,3.257,0,0,0,848,0,0
BRA,South America,9/12/2020,3.365,0,0,0,767,0,0
BRA,South America,9/13/2020,3.33,0,0,0,405,0,0
BRA,South America,9/14/2020,3.422,0,0,0,458,0,0
BRA,South America,9/15/2020,3.793,0,0,0,1082,0,0
BRA,South America,9/16/2020,3.663,0,0,0,962,0,0
BRA,South America,9/17/2020,3.593,0,0,0,869,0,0
BRA,South America,9/18/2020,3.58,0,0,0,828,0,0
BRA,South America,9/19/2020,3.523,0,0,0,681,0,0
BRA,South America,9/20/2020,3.487,0,0,0,351,0,0
BRA,South America,9/21/2020,3.492,0,0,0,466,0,0
BRA,South America,9/22/2020,3.3,0,0,0,794,0,0
BRA,South America,9/23/2020,3.28,0,0,0,932,0,0
BRA,South America,9/24/2020,3.231,0,0,0,795,0,0
BRA,South America,9/25/2020,3.227,0,0,0,822,0,0
BRA,South America,9/26/2020,3.254,0,0,0,722,0,0
BRA,South America,9/27/2020,3.246,0,0,0,339,0,0
BRA,South America,9/28/2020,3.196,0,0,0,391,0,0
BRA,South America,9/29/2020,3.239,0,0,0,858,0,0
BRA,South America,9/30/2020,3.272,0,0,0,982,14.14,624.3678358
BRA,South America,10/1/2020,3.257,0,0,0,773,0,0
BRA,South America,10/2/2020,3.145,0,0,0,654,0,0
BRA,South America,10/3/2020,3.056,0,0,0,588,0,0
BRA,South America,10/4/2020,3.069,0,0,0,358,0,0
BRA,South America,10/5/2020,3.07,0,0,0,393,0,0
BRA,South America,10/6/2020,3.038,0,0,0,810,0,0
BRA,South America,10/7/2020,2.867,0,0,0,725,0,0
BRA,South America,10/8/2020,2.841,0,0,0,735,0,0
BRA,South America,10/9/2020,2.841,0,0,0,654,0,0
BRA,South America,10/10/2020,2.805,0,0,0,534,0,0
BRA,South America,10/11/2020,2.752,0,0,0,278,0,0
BRA,South America,10/12/2020,2.62,0,0,0,194,0,0
BRA,South America,10/13/2020,2.332,0,0,0,378,0,0
BRA,South America,10/14/2020,2.336,0,0,0,732,0,0
BRA,South America,10/15/2020,2.389,0,0,0,814,0,0
BRA,South America,10/16/2020,2.382,0,0,0,643,0,0
BRA,South America,10/17/2020,2.302,0,0,0,415,0,0
BRA,South America,10/18/2020,2.274,0,0,0,235,0,0
BRA,South America,10/19/2020,2.362,0,0,0,326,0,0
BRA,South America,10/20/2020,2.542,0,0,0,648,0,0
BRA,South America,10/21/2020,2.434,0,0,0,571,0,0
BRA,South America,10/22/2020,2.228,0,0,0,505,0,0
BRA,South America,10/23/2020,2.175,0,0,0,563,0,0
BRA,South America,10/24/2020,2.156,0,0,0,387,0,0
BRA,South America,10/25/2020,2.155,0,0,0,233,0,0
BRA,South America,10/26/2020,2.139,0,0,0,302,0,0
BRA,South America,10/27/2020,2.058,0,0,0,526,0,0
BRA,South America,10/28/2020,2.013,0,0,0,504,0,0
BRA,South America,10/29/2020,2.044,0,0,0,551,0,0
BRA,South America,10/30/2020,2.05,0,0,0,573,0,0
BRA,South America,10/31/2020,1.987,0,0,0,292,14.31,699.597081
BRA,South America,11/1/2020,1.967,0,0,0,203,0,0
BRA,South America,11/2/2020,1.876,0,0,0,165,0,0
BRA,South America,11/3/2020,1.717,0,0,0,288,0,0
BRA,South America,11/4/2020,1.793,0,0,0,618,0,0
BRA,South America,11/5/2020,1.828,0,0,0,603,0,0
BRA,South America,11/6/2020,1.626,0,0,0,271,0,0
BRA,South America,11/7/2020,1.584,0,0,0,228,0,0
BRA,South America,11/8/2020,1.575,0,0,0,190,0,0
BRA,South America,11/9/2020,1.589,0,0,0,186,0,0
BRA,South America,11/10/2020,1.529,0,0,0,198,0,0
BRA,South America,11/11/2020,1.5,0,0,0,574,0,0
BRA,South America,11/12/2020,1.72,0,0,0,933,0,0
BRA,South America,11/13/2020,1.923,0,0,0,576,0,0
BRA,South America,11/14/2020,2.26,0,0,0,734,0,0
BRA,South America,11/15/2020,2.227,0,0,0,140,0,0
BRA,South America,11/16/2020,2.274,0,0,0,257,0,0
BRA,South America,11/17/2020,2.594,0,0,0,678,0,0
BRA,South America,11/18/2020,2.714,0,0,0,754,0,0
BRA,South America,11/19/2020,2.526,0,0,0,650,0,0
BRA,South America,11/20/2020,2.484,0,0,0,513,0,0
BRA,South America,11/21/2020,2.232,0,0,0,357,0,0
BRA,South America,11/22/2020,2.258,0,0,0,178,0,0
BRA,South America,11/23/2020,2.323,0,0,0,355,0,0
BRA,South America,11/24/2020,2.289,0,0,0,627,0,0
BRA,South America,11/25/2020,2.202,0,0,0,623,0,0
BRA,South America,11/26/2020,2.242,0,0,0,710,0,0
BRA,South America,11/27/2020,2.272,0,0,0,559,0,0
BRA,South America,11/28/2020,2.397,0,0,0,544,0,0
BRA,South America,11/29/2020,2.434,0,0,0,233,0,0
BRA,South America,11/30/2020,2.431,0,0,0,351,14.77,773.1895691
BRA,South America,12/1/2020,2.47,0,0,0,685,0,0
BRA,South America,12/2/2020,2.507,0,0,0,679,0,0
BRA,South America,12/3/2020,2.541,0,0,0,761,0,0
BRA,South America,12/4/2020,2.62,0,0,0,678,0,0
BRA,South America,12/5/2020,2.689,0,0,0,647,0,0
BRA,South America,12/6/2020,2.76,0,0,0,340,0,0
BRA,South America,12/7/2020,2.809,0,0,0,425,0,0
BRA,South America,12/8/2020,2.885,0,0,0,798,0,0
BRA,South America,12/9/2020,3.001,0,0,0,853,0,0
BRA,South America,12/10/2020,3.006,0,0,0,769,0,0
BRA,South America,12/11/2020,2.995,0,0,0,661,0,0
BRA,South America,12/12/2020,3.015,0,0,0,677,0,0
BRA,South America,12/13/2020,2.985,0,0,0,295,0,0
BRA,South America,12/14/2020,3.043,0,0,0,513,0,0
BRA,South America,12/15/2020,3.134,0,0,0,934,0,0
BRA,South America,12/16/2020,3.193,0,0,0,941,0,0
BRA,South America,12/17/2020,3.387,0,0,0,1061,0,0
BRA,South America,12/18/2020,3.491,0,0,0,817,0,0
BRA,South America,12/19/2020,3.479,0,0,0,659,0,0
BRA,South America,12/20/2020,3.562,0,0,0,419,0,0
BRA,South America,12/21/2020,3.594,0,0,0,561,0,0
BRA,South America,12/22/2020,3.617,0,0,0,969,0,0
BRA,South America,12/23/2020,3.633,0,0,0,965,0,0
BRA,South America,12/24/2020,3.433,0,0,0,760,0,0
BRA,South America,12/25/2020,3.209,0,0,0,482,0,0
BRA,South America,12/26/2020,2.967,0,0,0,296,0,0
BRA,South America,12/27/2020,2.913,0,0,0,337,0,0
BRA,South America,12/28/2020,2.897,0,0,0,538,0,0
BRA,South America,12/29/2020,2.952,0,0,0,1051,0,0
BRA,South America,12/30/2020,3.12,0,0,0,1217,0,0
BRA,South America,12/31/2020,3.291,0,0,0,1016,23.94,899.2712012
BRA,South America,1/1/2021,3.282,0,0,0,469,0,0
BRA,South America,1/2/2021,3.28,0,0,0,293,0,0
BRA,South America,1/3/2021,3.263,0,0,0,311,0,0
BRA,South America,1/4/2021,3.302,0,0,0,597,0,0
BRA,South America,1/5/2021,3.393,0,0,0,1188,0,0
BRA,South America,1/6/2021,3.403,0,0,0,1231,0,0
BRA,South America,1/7/2021,3.737,0,0,0,1518,0,0
BRA,South America,1/8/2021,4.145,0,0,0,1081,0,0
BRA,South America,1/9/2021,4.622,0,0,0,1009,0,0
BRA,South America,1/10/2021,4.742,0,0,0,490,0,0
BRA,South America,1/11/2021,4.671,0,0,0,491,0,0
BRA,South America,1/12/2021,4.629,0,0,0,1125,0,0
BRA,South America,1/13/2021,4.651,0,0,0,1264,0,0
BRA,South America,1/14/2021,4.408,0,0,0,1154,0,0
BRA,South America,1/15/2021,4.444,0,0,0,1135,0,0
BRA,South America,1/16/2021,4.448,0,0,0,1014,0,0
BRA,South America,1/17/2021,4.488,112,112,0,551,0,0
BRA,South America,1/18/2021,4.478,1109,1109,0,476,0,0
BRA,South America,1/19/2021,4.502,13527,13527,0,1160,0,0
BRA,South America,1/20/2021,4.589,105824,105824,0,1395,0,0
BRA,South America,1/21/2021,4.718,193699,193699,0,1347,0,0
BRA,South America,1/22/2021,4.675,462269,462269,0,1071,0,0
BRA,South America,1/23/2021,4.762,573268,573268,0,1145,0,0
BRA,South America,1/24/2021,4.792,613954,613954,0,595,0,0
BRA,South America,1/25/2021,4.934,801759,801759,0,690,0,0
BRA,South America,1/26/2021,4.931,1045746,1045746,0,1155,0,0
BRA,South America,1/27/2021,4.892,1327546,1327546,0,1336,0,0
BRA,South America,1/28/2021,4.952,1563098,1563098,0,1438,0,0
BRA,South America,1/29/2021,4.963,1923813,1923813,0,1087,0,0
BRA,South America,1/30/2021,4.994,2046523,2046523,0,1192,0,0
BRA,South America,1/31/2021,4.976,2084119,2084119,0,568,34.11,1079.310766
BRA,South America,2/1/2021,4.932,2292551,2292551,0,623,0,0
BRA,South America,2/2/2021,5.002,2521704,2521704,0,1261,0,0
BRA,South America,2/3/2021,4.911,2802134,2802134,0,1199,0,0
BRA,South America,2/4/2021,4.803,3074906,3074906,0,1276,0,0
BRA,South America,2/5/2021,4.912,3401383,3399421,1962,1251,0,0
BRA,South America,2/6/2021,4.742,3553681,3534004,19677,937,0,0
BRA,South America,2/7/2021,4.69,3605538,3579850,25688,489,0,0
BRA,South America,2/8/2021,4.755,3820207,3786591,33616,721,0,0
BRA,South America,2/9/2021,4.791,4120332,4069677,50655,1315,0,0
BRA,South America,2/10/2021,4.899,4406835,4326075,80760,1361,0,0
BRA,South America,2/11/2021,5.01,4696136,4586270,109866,1442,0,0
BRA,South America,2/12/2021,4.989,5125206,4946738,178468,1220,0,0
BRA,South America,2/13/2021,5.048,5236943,5042713,194230,1025,0,0
BRA,South America,2/14/2021,5.157,5293979,5076110,217869,653,0,0
BRA,South America,2/15/2021,5.084,5609937,5324317,285620,611,0,0
BRA,South America,2/16/2021,4.935,5883539,5326007,557532,1092,0,0
BRA,South America,2/17/2021,4.82,6206680,5482925,723755,1189,0,0
BRA,South America,2/18/2021,4.818,6535156,5640483,894673,1439,0,0
BRA,South America,2/19/2021,4.892,6813168,5756361,1056807,1331,0,0
BRA,South America,2/20/2021,4.896,6950802,5817908,1132894,1031,0,0
BRA,South America,2/21/2021,4.865,7028356,5857080,1171276,606,0,0
BRA,South America,2/22/2021,4.932,7297061,6002873,1294188,711,0,0
BRA,South America,2/23/2021,5.11,7551676,6116082,1435594,1359,0,0
BRA,South America,2/24/2021,5.281,7799000,6202055,1596945,1446,0,0
BRA,South America,2/25/2021,5.372,8101787,6346769,1755018,1575,0,0
BRA,South America,2/26/2021,5.38,8322042,6437836,1884206,1343,0,0
BRA,South America,2/27/2021,5.527,8433568,6518628,1914940,1252,0,0
BRA,South America,2/28/2021,5.638,8465403,6542206,1923197,773,33.57,1240.002256
BRA,South America,3/1/2021,5.716,8841027,6806293,2034734,828,0,0
BRA,South America,3/2/2021,5.958,9277322,7114219,2163103,1721,0,0
BRA,South America,3/3/2021,6.225,9739676,7417852,2321824,1848,0,0
BRA,South America,3/4/2021,6.381,10169160,7701146,2468014,1808,0,0
BRA,South America,3/5/2021,6.628,10576542,7958939,2617603,1714,0,0
BRA,South America,3/6/2021,6.787,10830688,8142004,2688684,1490,0,0
BRA,South America,3/7/2021,7.003,10948409,8227671,2720738,1098,0,0
BRA,South America,3/8/2021,7.199,11357494,8504966,2852528,1122,0,0
BRA,South America,3/9/2021,7.353,11756131,8764547,2991584,1951,0,0
BRA,South America,3/10/2021,7.708,12181103,9013293,3167810,2381,0,0
BRA,South America,3/11/2021,7.966,12613179,9298511,3314668,2195,0,0
BRA,South America,3/12/2021,8.238,13017720,9547655,3470065,2122,0,0
BRA,South America,3/13/2021,8.548,13223729,9669967,3553762,1956,0,0
BRA,South America,3/14/2021,8.53,13286664,9718209,3568455,1070,0,0
BRA,South America,3/15/2021,8.671,13763573,10087787,3675786,1334,0,0
BRA,South America,3/16/2021,9.27,14198794,10402388,3796406,2850,0,0
BRA,South America,3/17/2021,9.457,14648691,10725474,3923217,2661,0,0
BRA,South America,3/18/2021,9.809,15087602,11055747,4031855,2724,0,0
BRA,South America,3/19/2021,10.165,15623349,11509501,4113848,2656,0,0
BRA,South America,3/20/2021,10.44,15883688,11739832,4143856,2368,0,0
BRA,South America,3/21/2021,10.558,15980363,11818482,4161881,1247,0,0
BRA,South America,3/22/2021,10.737,16567102,12314847,4252255,1603,0,0
BRA,South America,3/23/2021,10.935,17157631,12817812,4339819,3147,0,0
BRA,South America,3/24/2021,10.706,17886781,13436373,4450408,2317,0,0
BRA,South America,3/25/2021,10.659,18655345,14102934,4552411,2654,0,0
BRA,South America,3/26/2021,11.229,19577786,14928869,4648917,3510,0,0
BRA,South America,3/27/2021,11.922,19962072,15282128,4679944,3409,0,0
BRA,South America,3/28/2021,12.146,20216938,15513974,4702964,1582,0,0
BRA,South America,3/29/2021,12.419,21160763,16335279,4825484,2013,0,0
BRA,South America,3/30/2021,12.758,21950245,16995184,4955061,3655,0,0
BRA,South America,3/31/2021,13.829,22839287,17745732,5093555,3925,83.18,1683.659587
BRA,South America,4/1/2021,14.497,23880805,18639028,5241777,3655,0,0
BRA,South America,4/2/2021,14.024,24181208,18900837,5280371,2801,0,0
BRA,South America,4/3/2021,13.024,24575470,19222342,5353128,1909,0,0
BRA,South America,4/4/2021,12.798,24910668,19510333,5400335,1242,0,0
BRA,South America,4/5/2021,12.73,25658532,20056296,5602236,1912,0,0
BRA,South America,4/6/2021,13.006,26736003,20850120,5885883,4068,0,0
BRA,South America,4/7/2021,12.836,27644079,21538484,6105595,3671,0,0
BRA,South America,4/8/2021,13.165,28653848,22246612,6407236,4148,0,0
BRA,South America,4/9/2021,13.799,29544578,22693305,6851273,3752,0,0
BRA,South America,4/10/2021,14.111,30084664,23097172,6987492,2378,0,0
BRA,South America,4/11/2021,14.521,30356896,23300896,7056000,1857,0,0
BRA,South America,4/12/2021,14.387,31316420,23910515,7405905,1711,0,0
BRA,South America,4/13/2021,14.18,32217205,24473138,7744067,3757,0,0
BRA,South America,4/14/2021,14.029,33148388,24996380,8152008,3445,0,0
BRA,South America,4/15/2021,13.591,34050325,25478194,8572131,3491,0,0
BRA,South America,4/16/2021,13.315,34993448,25810304,9183144,3337,0,0
BRA,South America,4/17/2021,13.647,35603882,26085155,9518727,2877,0,0
BRA,South America,4/18/2021,13.424,35817144,26210282,9606862,1522,0,0
BRA,South America,4/19/2021,13.454,36910479,26707227,10203252,1756,0,0
BRA,South America,4/20/2021,13.181,37909705,27184073,10725632,3347,0,0
BRA,South America,4/21/2021,13.016,38467754,27518053,10949701,3197,0,0
BRA,South America,4/22/2021,12.056,39291064,27887014,11404050,2051,0,0
BRA,South America,4/23/2021,11.859,41073104,28783905,12289199,3042,0,0
BRA,South America,4/24/2021,11.785,41494939,28981002,12513937,2766,0,0
BRA,South America,4/25/2021,11.66,41626753,29041497,12585256,1334,0,0
BRA,South America,4/26/2021,11.409,42787199,29601947,13185252,1380,0,0
BRA,South America,4/27/2021,11.232,44287510,30275923,14011587,3081,0,0
BRA,South America,4/28/2021,11.109,45379804,30748674,14631130,3012,0,0
BRA,South America,4/29/2021,11.762,46426188,31243694,15182494,3032,0,0
BRA,South America,4/30/2021,11.642,47399150,31696792,15702358,2861,71.83,2067.230943
BRA,South America,5/1/2021,11.291,47663526,31830880,15832646,2240,0,0
BRA,South America,5/2/2021,11.246,47755613,31884404,15871209,1266,0,0
BRA,South America,5/3/2021,11.076,48643324,32345310,16298014,1125,0,0
BRA,South America,5/4/2021,11.008,49626137,32896171,16729966,2979,0,0
BRA,South America,5/5/2021,10.847,50576224,33490395,17085829,2771,0,0
BRA,South America,5/6/2021,10.517,51624587,34271192,17353395,2536,0,0
BRA,South America,5/7/2021,10.067,52647815,35008550,17639265,2186,0,0
BRA,South America,5/8/2021,9.961,52972460,35253389,17719071,2082,0,0
BRA,South America,5/9/2021,9.732,53064124,35318058,17746066,922,0,0
BRA,South America,5/10/2021,9.723,54008862,35926219,18082643,1111,0,0
BRA,South America,5/11/2021,9.234,54912939,36523507,18389432,2245,0,0
BRA,South America,5/12/2021,9.107,55907165,37233983,18673182,2581,0,0
BRA,South America,5/13/2021,8.934,56583962,37768491,18815471,2277,0,0
BRA,South America,5/14/2021,8.935,57313642,38320507,18993135,2187,0,0
BRA,South America,5/15/2021,8.881,57668646,38570631,19098015,2001,0,0
BRA,South America,5/16/2021,8.974,57935280,38752714,19182566,1061,0,0
BRA,South America,5/17/2021,8.956,58714631,39284275,19430356,1085,0,0
BRA,South America,5/18/2021,9.094,59603625,39891922,19711703,2451,0,0
BRA,South America,5/19/2021,9.04,60363334,40435632,19927702,2500,0,0
BRA,South America,5/20/2021,9.196,61297420,41089722,20207698,2511,0,0
BRA,South America,5/21/2021,9.155,62122684,41659039,20463645,2126,0,0
BRA,South America,5/22/2021,8.972,62459684,41882011,20577673,1726,0,0
BRA,South America,5/23/2021,8.857,63278821,42474538,20804283,889,0,0
BRA,South America,5/24/2021,8.708,64098809,43008064,21090745,862,0,0
BRA,South America,5/25/2021,8.53,64918585,43525933,21392652,2184,0,0
BRA,South America,5/26/2021,8.506,65668438,44045168,21623270,2463,0,0
BRA,South America,5/27/2021,8.232,66363506,44530761,21832745,2101,0,0
BRA,South America,5/28/2021,8.432,67359292,45284397,22074895,2426,0,0
BRA,South America,5/29/2021,8.576,67761958,45604680,22157278,1941,0,0
BRA,South America,5/30/2021,8.592,67874735,45684962,22189773,913,0,0
BRA,South America,5/31/2021,8.661,68665647,46328168,22337479,966,50.54,2353.793171
BRA,South America,6/1/2021,8.761,69477898,46932629,22545269,2334,0,0
BRA,South America,6/2/2021,8.791,70685368,47852026,22833342,2508,0,0
BRA,South America,6/3/2021,8.666,71245492,48321463,22924029,1914,0,0
BRA,South America,6/4/2021,7.843,71961789,48963900,22997889,1191,0,0
BRA,South America,6/5/2021,7.663,72586950,49491413,23095537,1670,0,0
BRA,South America,6/6/2021,7.641,72811509,49685501,23126008,880,0,0
BRA,South America,6/7/2021,7.763,73614079,50381104,23232975,1149,0,0
BRA,South America,6/8/2021,7.972,74920113,51502554,23417559,2648,0,0
BRA,South America,6/9/2021,7.895,76117123,52567517,23549606,2392,0,0
BRA,South America,6/10/2021,8.288,77243101,53577624,23665477,2505,0,0
BRA,South America,6/11/2021,8.946,78471914,54685737,23786177,2177,0,0
BRA,South America,6/12/2021,9.148,79118243,55292343,23825900,1974,0,0
BRA,South America,6/13/2021,9.308,79466212,55617274,23848938,1120,0,0
BRA,South America,6/14/2021,9.222,80577338,56657381,23919957,1020,0,0
BRA,South America,6/15/2021,9.247,81940689,57910386,24030303,2685,0,0
BRA,South America,6/16/2021,9.454,83181485,59068483,24113002,2702,0,0
BRA,South America,6/17/2021,9.326,85441106,61187304,24253802,2314,0,0
BRA,South America,6/18/2021,9.526,87160471,62785859,24374612,2476,0,0
BRA,South America,6/19/2021,9.68,88108418,63659153,24449265,2205,0,0
BRA,South America,6/20/2021,9.62,88570223,64099339,24470884,1031,0,0
BRA,South America,6/21/2021,9.594,90013336,65421825,24591511,981,0,0
BRA,South America,6/22/2021,9.206,91420290,66688623,24731667,2103,0,0
BRA,South America,6/23/2021,8.915,92782243,67890907,24891336,2265,0,0
BRA,South America,6/24/2021,8.731,94322179,69113521,25208658,2038,0,0
BRA,South America,6/25/2021,8.419,95764065,70369603,25404254,2008,0,0
BRA,South America,6/26/2021,7.96,96545254,71090361,25520772,1517,0,0
BRA,South America,6/27/2021,7.754,96789753,71319026,25568632,721,0,0
BRA,South America,6/28/2021,7.576,97929680,72324820,25866869,714,0,0
BRA,South America,6/29/2021,7.466,99828676,73943650,26348752,1938,0,0
BRA,South America,6/30/2021,7.332,101167462,75097273,26642477,2064,41.98,2591.353462
BRA,South America,7/1/2021,7.261,102561737,76284848,26949200,1932,0,0
BRA,South America,7/2/2021,7.173,104047565,77586349,27259467,1876,0,0
BRA,South America,7/3/2021,7.253,104753510,78210253,27418130,1636,0,0
BRA,South America,7/4/2021,7.286,105097389,78512727,27489232,771,0,0
BRA,South America,7/5/2021,7.336,106696625,79835457,27854683,789,0,0
BRA,South America,7/6/2021,7.217,108247755,81152984,28317786,1759,0,0
BRA,South America,7/7/2021,6.897,109976127,82649595,28929443,1585,0,0
BRA,South America,7/8/2021,6.761,111573265,83948802,29547039,1727,0,0
BRA,South America,7/9/2021,6.491,112999344,85166293,30044191,1472,0,0
BRA,South America,7/10/2021,6.173,113929447,85922323,30387607,1158,0,0
BRA,South America,7/11/2021,6.036,114350128,86272249,30545014,565,0,0
BRA,South America,7/12/2021,6.031,115654260,87264587,31003288,782,0,0
BRA,South America,7/13/2021,5.964,117154411,88385719,31569503,1659,0,0
BRA,South America,7/14/2021,5.932,118689127,89449394,32219034,1536,0,0
BRA,South America,7/15/2021,5.853,120155331,90743692,32832460,1609,0,0
BRA,South America,7/16/2021,5.798,121651233,91739486,33467323,1389,0,0
BRA,South America,7/17/2021,5.873,122615695,92434146,33818142,1271,0,0
BRA,South America,7/18/2021,5.817,122859535,92630599,33891244,481,0,0
BRA,South America,7/19/2021,5.741,124433796,93786760,34383717,668,0,0
BRA,South America,7/20/2021,5.554,126315897,95101845,35053766,1379,0,0
BRA,South America,7/21/2021,5.464,128199383,96304601,35808080,1400,0,0
BRA,South America,7/22/2021,5.345,130131385,97428671,36676823,1431,0,0
BRA,South America,7/23/2021,5.28,131858906,98712936,37161762,1291,0,0
BRA,South America,7/24/2021,5.153,132812191,99391757,37463852,1081,0,0
BRA,South America,7/25/2021,5.152,133139145,99610570,37583404,479,0,0
BRA,South America,7/26/2021,5.123,134540217,100522817,38110566,625,0,0
BRA,South America,7/27/2021,5.063,136158369,101528055,38761406,1289,0,0
BRA,South America,7/28/2021,5.045,137944954,102535345,39603390,1373,0,0
BRA,South America,7/29/2021,4.985,139483586,103363365,40360686,1341,0,0
BRA,South America,7/30/2021,4.714,141319627,104477597,41116889,885,0,0
BRA,South America,7/31/2021,4.626,142301917,105083580,41507968,949,26.23,2745.090133
BRA,South America,8/1/2021,4.584,142598659,105292650,41599313,415,0,0
BRA,South America,8/2/2021,4.53,143762758,105934725,42147735,544,0,0
BRA,South America,8/3/2021,4.495,145618595,107137953,42823483,1237,0,0
BRA,South America,8/4/2021,4.295,148054492,108658469,43769705,1072,0,0
BRA,South America,8/5/2021,4.151,149763010,109745651,44414256,1126,0,0
BRA,South America,8/6/2021,4.201,151506191,110841845,45086810,959,0,0
BRA,South America,8/7/2021,4.234,152313188,111342715,45397341,999,0,0
BRA,South America,8/8/2021,4.217,152680029,111566720,45542992,389,0,0
BRA,South America,8/9/2021,4.193,154190964,112476618,46160465,508,0,0
BRA,South America,8/10/2021,4.213,156399040,113880889,46980025,1268,0,0
BRA,South America,8/11/2021,4.195,158422879,115251518,47644783,1045,0,0
BRA,South America,8/12/2021,4.122,160674246,116780678,48383179,1016,0,0
BRA,South America,8/13/2021,4.077,162832096,118175020,49164242,892,0,0
BRA,South America,8/14/2021,4.019,164215233,119132205,49606493,912,0,0
BRA,South America,8/15/2021,4.019,164680217,119504650,49705914,389,0,0
BRA,South America,8/16/2021,3.957,166750328,120686544,50600926,414,0,0
BRA,South America,8/17/2021,3.841,169753003,122541955,51771235,1094,0,0
BRA,South America,8/18/2021,3.804,171741149,123678883,52629848,990,0,0
BRA,South America,8/19/2021,3.809,174263122,125160916,53680684,1023,0,0
BRA,South America,8/20/2021,3.81,176376890,126384146,54578690,894,0,0
BRA,South America,8/21/2021,3.609,177587502,127168248,55013076,611,0,0
BRA,South America,8/22/2021,3.572,178173214,127600937,55170955,333,0,0
BRA,South America,8/23/2021,3.574,180251675,128859272,55999780,417,0,0
BRA,South America,8/24/2021,3.417,182654763,130267899,57002150,859,0,0
BRA,South America,8/25/2021,3.349,184707573,131489509,57838947,887,0,0
BRA,South America,8/26/2021,3.247,186102952,131918133,58811744,871,0,0
BRA,South America,8/27/2021,3.197,188045400,132939921,59746726,818,0,0
BRA,South America,8/28/2021,3.209,189376018,133608741,60412846,629,0,0
BRA,South America,8/29/2021,3.172,189971293,133947333,60672443,278,0,0
BRA,South America,8/30/2021,3.106,191515901,134777145,61384034,318,0,0
BRA,South America,8/31/2021,3.121,194176380,136127045,62698760,881,20.31,2858.193419
BRA,South America,9/1/2021,2.994,196166473,137067385,63754375,697,0,0
BRA,South America,9/2/2021,2.935,198142390,137897705,64905651,782,0,0
BRA,South America,9/3/2021,2.883,200077775,138653061,66093601,740,0,0
BRA,South America,9/4/2021,2.889,201126108,139039441,66758831,638,0,0
BRA,South America,9/5/2021,2.884,201522079,139210778,66984704,271,0,0
BRA,South America,9/6/2021,2.819,203024669,139985523,67702291,220,0,0
BRA,South America,9/7/2021,2.45,203577189,140218809,68020838,327,0,0
BRA,South America,9/8/2021,2.151,205296045,140820674,69133319,249,0,0
BRA,South America,9/9/2021,2.179,207509808,141565747,70594540,824,0,0
BRA,South America,9/10/2021,2.11,209917761,142382292,72173074,636,0,0
BRA,South America,9/11/2021,2.13,211223433,142798088,73050585,669,0,0
BRA,South America,9/12/2021,2.149,211710814,142983971,73355123,299,0,0
BRA,South America,9/13/2021,2.192,213203733,143433748,74381040,284,0,0
BRA,South America,9/14/2021,2.426,215338063,144100429,75814267,678,0,0
BRA,South America,9/15/2021,2.793,217240047,144761529,76990802,801,0,0
BRA,South America,9/16/2021,2.686,218735998,145238112,77988754,663,0,0
BRA,South America,9/17/2021,2.687,221071595,146000277,79542916,638,0,0
BRA,South America,9/18/2021,2.632,222156927,146371189,80250454,586,0,0
BRA,South America,9/19/2021,2.598,222581680,146553215,80492254,248,0,0
BRA,South America,9/20/2021,2.586,223781527,146923305,81250428,265,0,0
BRA,South America,9/21/2021,2.582,225592884,147473077,82467468,673,0,0
BRA,South America,9/22/2021,2.492,227304555,147966925,83644344,665,0,0
BRA,South America,9/23/2021,2.469,229100357,148510818,84869772,629,0,0
BRA,South America,9/24/2021,2.497,230893002,148994474,86119839,680,0,0
BRA,South America,9/25/2021,2.466,231983152,149386359,86796636,540,0,0
BRA,South America,9/26/2021,2.478,232495892,149565073,87122476,266,0,0
BRA,South America,9/27/2021,2.431,233772505,149871708,87828174,194,0,0
BRA,South America,9/28/2021,2.527,235617220,150382518,89101310,817,0,0
BRA,South America,9/29/2021,2.538,237320144,150881737,90253376,681,0,0
BRA,South America,9/30/2021,2.524,239190412,151420924,91430204,608,11.63,2919.455171
BRA,South America,10/1/2021,2.397,241200485,151901209,92759486,490,0,0
BRA,South America,10/2/2021,2.34,242252204,152166987,93442685,454,0,0
BRA,South America,10/3/2021,2.313,242632087,152277364,93674362,226,0,0
BRA,South America,10/4/2021,2.32,243733571,152519888,94337578,204,0,0
BRA,South America,10/5/2021,2.231,245292452,152926450,95257454,684,0,0
BRA,South America,10/6/2021,2.157,247057054,153310124,96345260,570,0,0
BRA,South America,10/7/2021,2.037,248820533,153699490,97382944,428,0,0
BRA,South America,10/8/2021,2.13,250516351,154010913,98464451,630,0,0
BRA,South America,10/9/2021,2.105,251524115,154181567,99070817,416,0,0
BRA,South America,10/10/2021,2.055,252149684,154292724,99520881,151,0,0
BRA,South America,10/11/2021,2.057,253164892,154580496,100085018,207,0,0
BRA,South America,10/12/2021,1.718,253561158,154693150,100324302,175,0,0
BRA,South America,10/13/2021,1.475,254426529,154798792,100864092,206,0,0
BRA,South America,10/14/2021,1.571,256762148,155526988,102264366,572,0,0
BRA,South America,10/15/2021,1.489,258849471,156015804,103527053,507,0,0
BRA,South America,10/16/2021,1.522,260157865,156313972,104314315,465,0,0
BRA,South America,10/17/2021,1.506,260683274,156420266,104630777,128,0,0
BRA,South America,10/18/2021,1.503,261824131,156558619,105223364,202,0,0
BRA,South America,10/19/2021,1.639,263569544,156892317,106356335,379,0,0
BRA,South America,10/20/2021,1.768,265607325,157322792,107582227,399,0,0
BRA,South America,10/21/2021,1.697,266620080,157475037,108197260,466,0,0
BRA,South America,10/22/2021,1.657,267964026,157679997,108994434,447,0,0
BRA,South America,10/23/2021,1.58,268638494,157810514,109422127,350,0,0
BRA,South America,10/24/2021,1.574,269442502,157986323,109945760,119,0,0
BRA,South America,10/25/2021,1.578,271861944,158281322,111550520,207,0,0
BRA,South America,10/26/2021,1.594,273720279,158619663,112584033,403,0,0
BRA,South America,10/27/2021,1.618,275436454,158890656,113647161,435,0,0
BRA,South America,10/28/2021,1.556,277057532,159171324,114610870,373,0,0
BRA,South America,10/29/2021,1.53,278686713,159412919,115562494,408,0,0
BRA,South America,10/30/2021,1.44,279265141,159518249,115897379,216,0,0
BRA,South America,10/31/2021,1.45,279666131,159589151,116117550,133,9.65,2970.879583
BRA,South America,11/1/2021,1.38,279959241,159631476,116288959,103,0,0
BRA,South America,11/2/2021,1.213,280181200,159667965,116399784,152,0,0
BRA,South America,11/3/2021,1.05,281228625,159792323,117020085,190,0,0
BRA,South America,11/4/2021,1.09,282661800,160056071,117929773,434,0,0
BRA,South America,11/5/2021,1.073,284683953,160333906,119243098,382,0,0
BRA,South America,11/6/2021,1.131,285378181,160423951,119655284,303,0,0
BRA,South America,11/7/2021,1.089,285943124,160707880,119901571,70,0,0
BRA,South America,11/8/2021,1.1,287531811,160971992,120880423,120,0,0
BRA,South America,11/9/2021,1.138,288956195,161179478,121738604,208,0,0
BRA,South America,11/10/2021,1.19,290429521,161412780,122635903,269,0,0
BRA,South America,11/11/2021,1.061,292021210,161690791,123598784,240,0,0
BRA,South America,11/12/2021,1.22,293253508,161743151,124416550,621,0,0
BRA,South America,11/13/2021,1.223,293936446,161814220,124872035,307,0,0
BRA,South America,11/14/2021,1.22,294339583,161908494,125123667,65,0,0
BRA,South America,11/15/2021,1.186,294928227,161973124,125467475,70,0,0
BRA,South America,11/16/2021,1.143,295624622,162028086,125915845,143,0,0
BRA,South America,11/17/2021,1.215,297253230,162257537,126961439,377,0,0
BRA,South America,11/18/2021,1.236,298447729,162397679,127639599,272,0,0
BRA,South America,11/19/2021,0.981,299734733,162554502,128377050,238,0,0
BRA,South America,11/20/2021,0.914,300573489,162688776,128851409,207,0,0
BRA,South America,11/21/2021,0.935,301182753,162812584,129200205,96,0,0
BRA,South America,11/22/2021,0.972,302331069,162957786,129832016,126,0,0
BRA,South America,11/23/2021,1.074,303515430,163108526,130530871,295,0,0
BRA,South America,11/24/2021,1.003,304659197,163216460,131215922,271,0,0
BRA,South America,11/25/2021,1.014,305503188,163342820,131709249,288,0,0
BRA,South America,11/26/2021,1.058,306741882,163546806,132395866,305,0,0
BRA,South America,11/27/2021,1.072,307205318,163607249,132667094,227,0,0
BRA,South America,11/28/2021,1.061,307583387,163684746,132895365,80,0,0
BRA,South America,11/29/2021,1.056,307817825,163706613,133029594,118,0,0
BRA,South America,11/30/2021,1.076,309486607,163926497,133911230,326,10.73,3025.095067
BRA,South America,12/1/2021,1.074,310770495,164159539,134636857,268,0,0
BRA,South America,12/2/2021,1.013,311950389,164290464,135324508,196,0,0
BRA,South America,12/3/2021,0.966,313665030,164457496,136438552,234,0,0
BRA,South America,12/4/2021,0.912,314450780,164543599,136830588,146,0,0
BRA,South America,12/5/2021,0.906,314612221,164589731,136905306,71,0,0
BRA,South America,12/6/2021,0.915,315518302,164604790,137355248,132,0,0
BRA,South America,12/7/2021,0.872,316677030,164711745,137905915,261,0,0
BRA,South America,12/8/2021,0.853,317474217,164800426,138249795,240,0,0
BRA,South America,12/9/2021,0.856,318799260,164914808,138924356,200,0,0
BRA,South America,12/10/2021,0.852,319739095,0,139320682,228,0,0
BRA,South America,12/11/2021,0.79,319980117,0,139389518,53,0,0
BRA,South America,12/12/2021,0.797,320112450,0,139421689,82,0,0
BRA,South America,12/13/2021,0.739,320737938,0,139783903,45,0,0
BRA,South America,12/14/2021,0.641,321601407,164933940,140151965,113,0,0
BRA,South America,12/15/2021,0.679,322902290,165135181,140902990,298,0,0
BRA,South America,12/16/2021,0.628,323831095,165279022,141175069,123,0,0
BRA,South America,12/17/2021,0.608,324589549,165393977,141411665,198,0,0
BRA,South America,12/18/2021,0.665,324798686,165409165,141474540,138,0,0
BRA,South America,12/19/2021,0.647,324846680,165417886,141488098,55,0,0
BRA,South America,12/20/2021,0.672,325593485,165471288,141702263,83,0,0
BRA,South America,12/21/2021,0.644,326335565,165554570,141915573,71,0,0
BRA,South America,12/22/2021,0.543,327562756,165836442,142378728,146,0,0
BRA,South America,12/23/2021,0.545,328473878,165894312,0,126,0,0
BRA,South America,12/24/2021,0.521,0,0,0,163,0,0
BRA,South America,12/25/2021,0.45,0,0,0,31,0,0
BRA,South America,12/26/2021,0.444,0,0,0,46,0,0
BRA,South America,12/27/2021,0.432,329011365,165952037,142764283,65,0,0
BRA,South America,12/28/2021,0.505,329861730,166062249,142965728,181,0,0
BRA,South America,12/29/2021,0.486,330718457,166143380,143282084,117,0,0
BRA,South America,12/30/2021,0.505,331164041,166185628,143398692,154,0,0
BRA,South America,12/31/2021,0.453,331273910,166195505,143436012,85,15.83,3109.52524
BRA,South America,1/1/2022,0.454,331292259,166199307,143441284,33,0,0
BRA,South America,1/2/2022,0.446,331335826,166206716,143462401,34,0,0
BRA,South America,1/3/2022,0.451,332076818,166320650,143723393,72,0,0
BRA,South America,1/4/2022,0.451,332903332,166426973,143762375,181,0,0
BRA,South America,1/5/2022,0.373,333627875,166475764,143877220,0,0,0
BRA,South America,1/6/2022,0.27,0,0,0,0,0,0
BRA,South America,1/7/2022,0.325,0,0,0,168,0,0
BRA,South America,1/8/2022,0.38,0,0,0,115,0,0
BRA,South America,1/9/2022,0.567,335742922,166618516,144380523,314,0,0
BRA,South America,1/10/2022,0.595,336825920,166713275,144723824,115,0,0
BRA,South America,1/11/2022,0.569,337655171,166769657,144866950,141,0,0
BRA,South America,1/12/2022,0.658,338386118,166772188,145005051,134,0,0
BRA,South America,1/13/2022,0.784,339257036,166833338,145252463,189,0,0
BRA,South America,1/14/2022,0.827,339988963,166870347,145379254,233,0,0
BRA,South America,1/15/2022,0.864,340281915,166909237,145459361,170,0,0
BRA,South America,1/16/2022,0.717,343352666,167093156,146291728,94,0,0
BRA,South America,1/17/2022,0.741,347329271,167330250,147223765,151,0,0
BRA,South America,1/18/2022,0.864,348164653,167385859,147536850,325,0,0
BRA,South America,1/19/2022,0.989,349495232,167547304,147737978,322,0,0
BRA,South America,1/20/2022,1.097,350629268,167751970,148043971,351,0,0
BRA,South America,1/21/2022,1.208,351485976,167875050,148225622,399,0,0
BRA,South America,1/22/2022,1.305,352744905,168014778,148534163,316,0,0
BRA,South America,1/23/2022,1.362,352952210,168090877,148571660,179,0,0
BRA,South America,1/24/2022,1.438,354878131,168341120,148929430,266,0,0
BRA,South America,1/25/2022,1.55,355987219,168546490,149165531,493,0,0
BRA,South America,1/26/2022,1.728,357132990,168921071,149273731,588,0,0
BRA,South America,1/27/2022,1.942,358789930,169261105,149542396,673,0,0
BRA,South America,1/28/2022,2.196,360492730,169619416,149714068,780,0,0
BRA,South America,1/29/2022,2.452,361165196,169825847,149779557,700,0,0
BRA,South America,1/30/2022,2.52,361309679,169865538,149793528,280,0,0
BRA,South America,1/31/2022,2.635,362503209,170322125,149930855,439,45.46,3352.669542
BRA,South America,2/1/2022,2.817,363827251,170599221,150040841,767,0,0
BRA,South America,2/2/2022,3.055,365113872,170911850,150259405,945,0,0
BRA,South America,2/3/2022,3.273,366488450,171219037,150497414,1000,0,0
BRA,South America,2/4/2022,3.396,367778211,171783306,150682483,964,0,0
BRA,South America,2/5/2022,3.483,368572365,172107474,150764876,830,0,0
BRA,South America,2/6/2022,3.575,369521071,172186641,150868539,419,0,0
BRA,South America,2/7/2022,3.571,370659862,172652514,150995915,432,0,0
BRA,South America,2/8/2022,3.841,371840433,172885945,151169160,1172,0,0
BRA,South America,2/9/2022,4.079,373331749,172995877,151496825,1303,0,0
BRA,South America,2/10/2022,4.024,375028165,173402815,151866862,917,0,0
BRA,South America,2/11/2022,4.134,376813738,173901090,152092266,1129,0,0
BRA,South America,2/12/2022,4.167,377626315,174117725,152194707,879,0,0
BRA,South America,2/13/2022,4.105,378011196,174214439,152338804,327,0,0
BRA,South America,2/14/2022,4.136,378917750,174420792,152482989,478,0,0
BRA,South America,2/15/2022,3.971,379776348,174665423,152576040,925,0,0
BRA,South America,2/16/2022,3.783,380878261,174949012,152751771,1020,0,0
BRA,South America,2/17/2022,3.878,382196732,175209007,152934928,1060,0,0
BRA,South America,2/18/2022,3.915,384112607,175933938,153259174,1184,0,0
BRA,South America,2/19/2022,3.899,385030790,176141497,153450986,855,0,0
BRA,South America,2/20/2022,3.945,385406305,176222268,153503892,397,0,0
BRA,South America,2/21/2022,3.844,386298288,176406587,153654205,326,0,0
BRA,South America,2/22/2022,3.772,387226162,176625569,153776069,817,0,0
BRA,South America,2/23/2022,3.745,388306875,176920320,154064354,979,0,0
BRA,South America,2/24/2022,3.697,389748374,177174489,154310603,989,0,0
BRA,South America,2/25/2022,3.437,391253145,177448925,154573852,793,0,0
BRA,South America,2/26/2022,3.325,391785022,177544796,154668487,688,0,0
BRA,South America,2/27/2022,3.229,391970436,177579708,154719004,253,0,0
BRA,South America,2/28/2022,3.171,392763634,177742258,155044552,239,32.93,3512.551518
BRA,South America,3/1/2022,2.791,392925626,177836868,155071690,246,0,0
BRA,South America,3/2/2022,2.36,0,0,0,332,0,0
BRA,South America,3/3/2022,2.08,394111796,177987744,155380086,570,0,0
BRA,South America,3/4/2022,2.017,394812859,178113009,155569412,698,0,0
BRA,South America,3/5/2022,2.021,395464826,178203894,155711613,694,0,0
BRA,South America,3/6/2022,2,395658972,178245534,155740455,222,0,0
BRA,South America,3/7/2022,1.981,396537303,178366451,155930535,210,0,0
BRA,South America,3/8/2022,2.141,397386286,178486274,156114741,486,0,0
BRA,South America,3/9/2022,2.342,398449118,178657742,156339809,633,0,0
BRA,South America,3/10/2022,2.37,400536072,179288492,157250835,613,0,0
BRA,South America,3/11/2022,2.214,401272006,179411783,157418571,463,0,0
BRA,South America,3/12/2022,2.012,402357624,179715577,157623243,391,0,0
BRA,South America,3/13/2022,1.947,402573315,179754579,157662860,125,0,0
BRA,South America,3/14/2022,1.939,403286505,179853602,157830125,198,0,0
BRA,South America,3/15/2022,1.829,403856898,179913614,157992526,321,0,0
BRA,South America,3/16/2022,1.642,404885141,180005705,158245106,353,0,0
BRA,South America,3/17/2022,1.542,405634648,180093699,158439105,462,0,0
BRA,South America,3/18/2022,1.503,406685448,180265232,158682962,405,0,0
BRA,South America,3/19/2022,1.436,407274462,180341198,158832351,291,0,0
BRA,South America,3/20/2022,1.424,407435784,180360121,158863543,106,0,0
BRA,South America,3/21/2022,1.358,408348030,180469257,159101357,100,0,0
BRA,South America,3/22/2022,1.418,408961974,180523619,159240417,410,0,0
BRA,South America,3/23/2022,1.37,409606978,180592464,159388079,281,0,0
BRA,South America,3/24/2022,1.271,410175836,180653782,159513421,314,0,0
BRA,South America,3/25/2022,1.171,410860641,180726798,159673499,255,0,0
BRA,South America,3/26/2022,1.104,411116197,180757995,159756178,191,0,0
BRA,South America,3/27/2022,1.109,411548202,180800024,159842858,113,0,0
BRA,South America,3/28/2022,1.088,412177025,180881628,160008924,68,0,0
BRA,South America,3/29/2022,1.002,413559595,181078067,160272858,281,0,0
BRA,South America,3/30/2022,0.988,414606124,181174361,160525435,261,0,0
BRA,South America,3/31/2022,0.948,415350921,181233281,160706753,253,15.17,3594.535887
BRA,South America,4/1/2022,0.94,0,0,0,243,0,0
BRA,South America,4/2/2022,0.883,0,0,0,106,0,0
BRA,South America,4/3/2022,0.834,416625503,181342972,161015556,39,0,0
BRA,South America,4/4/2022,0.895,417150367,181374540,161109802,160,0,0
BRA,South America,4/5/2022,0.852,418081276,181451944,161296449,216,0,0
BRA,South America,4/6/2022,0.807,418988804,181544315,161485597,194,0,0
BRA,South America,4/7/2022,0.804,419669076,181596648,161634006,248,0,0
BRA,South America,4/8/2022,0.741,420411074,181652995,161802142,149,0,0
BRA,South America,4/9/2022,0.736,420841281,181687021,161882738,98,0,0
BRA,South America,4/10/2022,0.735,421028480,181702093,161924220,38,0,0
BRA,South America,4/11/2022,0.671,421634418,181755180,162079967,63,0,0
BRA,South America,4/12/2022,0.637,422368139,181810164,162237061,165,0,0
BRA,South America,4/13/2022,0.616,422804515,181841381,162328262,163,0,0
BRA,South America,4/14/2022,0.543,423594585,181894974,162490311,139,0,0
BRA,South America,4/15/2022,0.518,0,0,0,111,0,0
BRA,South America,4/16/2022,0.473,0,0,0,31,0,0
BRA,South America,4/17/2022,0.463,424058492,181975535,162589368,22,0,0
BRA,South America,4/18/2022,0.463,424403120,182010643,162689883,64,0,0
BRA,South America,4/19/2022,0.437,425301193,182287352,162888301,125,0,0
BRA,South America,4/20/2022,0.503,426002158,182324186,163106069,263,0,0
BRA,South America,4/21/2022,0.472,426445178,182365678,163228941,92,0,0
BRA,South America,4/22/2022,0.432,0,0,0,51,0,0
BRA,South America,4/23/2022,0.447,426683997,182395741,163322265,53,0,0
BRA,South America,4/24/2022,0.456,426686042,182395817,163322557,36,0,0
BRA,South America,4/25/2022,0.462,426987455,182426996,163400967,73,0,0
BRA,South America,4/26/2022,0.475,427262945,182455170,163481925,144,0,0
BRA,South America,4/27/2022,0.461,428179278,182519774,163675729,242,0,0
BRA,South America,4/28/2022,0.475,428748714,182563727,163815874,114,0,0
BRA,South America,4/29/2022,0.565,429202399,182599066,163923507,185,0,0
BRA,South America,4/30/2022,0.587,0,0,0,87,-1.15,3588.303798
BRA,South America,5/1/2022,0.574,429613287,182623313,163989684,16,0,0
BRA,South America,5/2/2022,0.583,430000411,182665767,164101615,86,0,0
BRA,South America,5/3/2022,0.548,430435333,182707626,164217813,92,0,0
BRA,South America,5/4/2022,0.429,430951275,182778371,164385393,64,0,0
BRA,South America,5/5/2022,0.445,431278922,182800351,164464910,137,0,0
BRA,South America,5/6/2022,0.451,431859321,182850462,164564155,195,0,0
BRA,South America,5/7/2022,0.417,432025086,182860122,164594075,35,0,0
BRA,South America,5/8/2022,0.415,432134475,182871051,164611407,13,0,0
BRA,South America,5/9/2022,0.392,432354816,182895357,164655881,52,0,0
BRA,South America,5/10/2022,0.463,432639345,182912971,164719113,198,0,0
BRA,South America,5/11/2022,0.504,434019486,183059675,165033358,126,0,0
BRA,South America,5/12/2022,0.495,435017274,183119662,165122240,124,0,0
BRA,South America,5/13/2022,0.457,435185477,183131850,165160304,138,0,0
BRA,South America,5/14/2022,0.495,435226309,183134052,165170618,92,0,0
BRA,South America,5/15/2022,0.517,435243423,183135100,165173312,46,0,0
BRA,South America,5/16/2022,0.527,435312095,183142928,165182832,66,0,0
BRA,South America,5/17/2022,0.395,0,0,0,0,0,0
BRA,South America,5/18/2022,0.311,436276886,183205522,165396479,0,0,0
BRA,South America,5/19/2022,0.228,436936651,183241820,165448319,0,0,0
BRA,South America,5/20/2022,0.473,437099610,183251237,165506166,506,0,0
BRA,South America,5/21/2022,0,437142038,183256110,165518807,,0,0
BRA,South America,5/22/2022,0.471,0,0,0,134,0,0
BRA,South America,5/23/2022,0.451,0,0,0,37,0,0
BRA,South America,5/24/2022,0.61,0,0,0,238,0,0
BRA,South America,5/25/2022,0.698,0,0,0,132,0,0
BRA,South America,5/26/2022,0,438839760,183699529,165816612,,0,0
BRA,South America,5/27/2022,0,440230116,183815081,165961524,139,0,0
BRA,South America,5/28/2022,0.501,440558613,183853208,166003440,72,0,0
BRA,South America,5/29/2022,0.453,440647763,183859105,166018561,62,0,0
BRA,South America,5/30/2022,0.471,440887471,183885189,166071932,63,0,0
BRA,South America,5/31/2022,0.419,441054017,183894671,166104268,160,7.79,3633.043074
BRA,South America,6/1/2022,0.414,441279964,183925335,166164004,125,0,0
BRA,South America,6/2/2022,0.5,0,0,0,129,0,0
BRA,South America,6/3/2022,0.435,442571325,184018923,166365243,41,0,0
BRA,South America,6/4/2022,0.387,443278533,184062381,166424506,0,0,0
BRA,South America,6/5/2022,0.345,443475532,184077691,166459996,0,0,0
BRA,South America,6/6/2022,0.35,443829496,184091855,166493992,70,0,0
BRA,South America,6/7/2022,0.448,444537453,184130468,166572602,307,0,0
BRA,South America,6/8/2022,0.564,445097070,184150383,166737175,299,0,0
BRA,South America,6/9/2022,0.573,446745262,184254911,167910796,143,0,0
BRA,South America,6/10/2022,0.659,0,0,0,170,0,0
BRA,South America,6/11/2022,0.735,447416630,184281808,168008971,114,0,0
BRA,South America,6/12/2022,0.759,447455088,184286899,168027302,36,0,0
BRA,South America,6/13/2022,0.759,447773835,184298439,168055659,70,0,0
BRA,South America,6/14/2022,0.671,448234610,184321008,168113218,174,0,0
BRA,South America,6/15/2022,0.697,448567375,184337124,168140833,339,0,0
BRA,South America,6/16/2022,0.602,449034484,184418250,168228893,0,0,0
BRA,South America,6/17/2022,0.489,449187010,184424410,168245953,0,0,0
BRA,South America,6/18/2022,0.413,449291596,184431840,168262637,0,0,0
BRA,South America,6/19/2022,0.389,449339384,184433745,168272147,0,0,0
BRA,South America,6/20/2022,0.654,449796728,184456417,168365246,468,0,0
BRA,South America,6/21/2022,0.691,450342490,184483215,168401552,229,0,0
BRA,South America,6/22/2022,0.558,450847767,184509247,168480030,140,0,0
BRA,South America,6/23/2022,0.801,451276207,184537975,168547546,365,0,0
BRA,South America,6/24/2022,1.024,451641403,184552936,168569319,334,0,0
BRA,South America,6/25/2022,1.024,451645589,184554559,168570301,0,0,0
BRA,South America,6/26/2022,1.024,451787907,184557755,168577895,0,0,0
BRA,South America,6/27/2022,0.914,452218476,184574635,168604658,303,0,0
BRA,South America,6/28/2022,0.972,0,0,0,316,0,0
BRA,South America,6/29/2022,0.879,454770759,184662547,168901560,0,0,0
BRA,South America,6/30/2022,1.014,454854179,184682893,168924041,568,13.47,3710.212819
BRA,South America,7/1/2022,0.98,455499598,184737131,169070566,284,0,0
BRA,South America,7/2/2022,1.086,455720321,184748472,169103088,158,0,0
BRA,South America,7/3/2022,1.121,456101065,184764593,169144171,53,0,0
BRA,South America,7/4/2022,1,456903089,184786423,169188579,122,0,0
BRA,South America,7/5/2022,1.054,457240603,184808029,169230631,396,0,0
BRA,South America,7/6/2022,1.294,0,0,0,361,0,0
BRA,South America,7/7/2022,1.104,458043955,184864012,169334423,283,0,0
BRA,South America,7/8/2022,1.092,0,0,0,266,0,0
BRA,South America,7/9/2022,1.13,458439642,184886392,169396807,215,0,0
BRA,South America,7/10/2022,1.132,458522879,184888876,169407663,56,0,0
BRA,South America,7/11/2022,1.15,459647933,184902655,169450183,148,0,0
BRA,South America,7/12/2022,1.115,0,0,0,344,0,0
BRA,South America,7/13/2022,1.128,460051351,184922668,169518495,380,0,0
BRA,South America,7/14/2022,1.137,461148848,184951661,169602261,297,0,0
BRA,South America,7/15/2022,1.167,0,0,0,311,0,0
BRA,South America,7/16/2022,1.16,461493406,184973979,169671773,205,0,0
BRA,South America,7/17/2022,1.16,461568115,184976830,169680492,55,0,0
BRA,South America,7/18/2022,1.173,0,0,0,168,0,0
BRA,South America,7/19/2022,1.179,0,0,0,353,0,0
BRA,South America,7/20/2022,1.156,0,0,0,346,0,0
BRA,South America,7/21/2022,1.138,0,0,0,269,0,0
BRA,South America,7/22/2022,1.117,0,0,0,280,0,0
BRA,South America,7/23/2022,0.98,0,0,0,0,0,0
BRA,South America,7/24/2022,1.076,465319009,185208286,170168354,198,0,0
BRA,South America,7/25/2022,1.083,0,0,0,179,0,0
BRA,South America,7/26/2022,1.082,0,0,0,351,0,0
BRA,South America,7/27/2022,1.058,0,0,0,310,0,0
BRA,South America,7/28/2022,1.055,0,0,0,265,0,0
BRA,South America,7/29/2022,1.031,0,0,0,244,0,0
BRA,South America,7/30/2022,1.146,0,0,0,173,0,0
BRA,South America,7/31/2022,1.033,0,0,0,28,6.84,3750.796747
BRA,South America,8/1/2022,1.048,0,0,0,201,0,0
BRA,South America,8/2/2022,1.01,0,0,0,295,0,0
BRA,South America,8/3/2022,0.98,0,0,0,265,0,0
BRA,South America,8/4/2022,0.978,0,0,0,261,0,0
BRA,South America,8/5/2022,0.963,0,0,0,222,0,0
BRA,South America,8/6/2022,0.968,0,0,0,181,0,0
BRA,South America,8/7/2022,0.988,0,0,0,57,0,0
BRA,South America,8/8/2022,0.967,465620128,185834527,170839777,170,0,0
BRA,South America,8/9/2022,1.014,465843376,185856818,170942943,365,0,0
BRA,South America,8/10/2022,0.837,466047379,185892530,170983152,0,0,0
BRA,South America,8/11/2022,0.98,466464500,185920530,170998964,475,0,0
BRA,South America,8/12/2022,0.996,466850155,185975699,171084385,247,0,0
BRA,South America,8/13/2022,0.876,0,0,0,0,0,0
BRA,South America,8/14/2022,0.838,467002964,185993496,171111631,0,0,0
BRA,South America,8/15/2022,0.927,467119772,186014159,171145175,304,0,0
BRA,South America,8/16/2022,0.821,0,0,0,206,0,0
BRA,South America,8/17/2022,0.986,0,0,0,247,0,0
BRA,South America,8/18/2022,0.807,468196498,186100433,171285767,206,0,0
BRA,South America,8/19/2022,0.737,468240252,186112320,171298784,142,0,0
BRA,South America,8/20/2022,0.737,468323757,186147547,171315994,0,0,0
BRA,South America,8/21/2022,0.737,468339633,186159303,171319284,0,0,0
BRA,South America,8/22/2022,0.661,468400138,186176638,171336583,191,0,0
BRA,South America,8/23/2022,0.524,468580889,186302961,171369543,0,0,0
BRA,South America,8/24/2022,0.711,468684685,186358100,171401015,527,0,0
BRA,South America,8/25/2022,0.678,468741076,186374962,171421366,157,0,0
BRA,South America,8/26/2022,0.693,468802225,186397361,171439071,164,0,0
BRA,South America,8/27/2022,0.693,468830167,186406003,171451693,0,0,0
BRA,South America,8/28/2022,0.693,468834023,186406388,171451863,0,0,0
BRA,South America,8/29/2022,0.715,470058345,186476296,171607294,225,0,0
BRA,South America,8/30/2022,0.868,470115910,186491119,171625383,229,0,0
BRA,South America,8/31/2022,0.593,470327404,186519881,171665721,114,10.69,3811.082417
BRA,South America,9/1/2022,0.488,470483060,186542426,171709120,0,0,0
BRA,South America,9/2/2022,0.577,470528623,186558432,171721033,297,0,0
BRA,South America,9/3/2022,0.577,470708499,186578811,171762519,0,0,0
BRA,South America,9/4/2022,0.577,470745558,186583216,171768695,0,0,0
BRA,South America,9/5/2022,0.535,470784030,186590349,171778301,163,0,0
BRA,South America,9/6/2022,0.383,470898070,186618522,171809197,0,0,0
BRA,South America,9/7/2022,0.307,470910315,186624508,171811546,0,0,0
BRA,South America,9/8/2022,0.307,470943250,186632925,171821267,0,0,0
BRA,South America,9/9/2022,0.367,471130593,186656503,171858625,388,0,0
BRA,South America,9/10/2022,0.367,471187373,186663841,171871796,0,0,0
BRA,South America,9/11/2022,0.367,471204985,186665783,171875292,0,0,0
BRA,South America,9/12/2022,0.315,471266090,186674424,171889220,85,0,0
BRA,South America,9/13/2022,0.385,471378826,186715084,171949598,104,0,0
BRA,South America,9/14/2022,0.464,471541070,186735750,171986751,119,0,0
BRA,South America,9/15/2022,0.519,471637254,186749395,172011897,82,0,0
BRA,South America,9/16/2022,0.26,471683198,186763817,172032889,0,0,0
BRA,South America,9/17/2022,0.26,471818420,186779155,172062452,0,0,0
BRA,South America,9/18/2022,0.26,471848842,186784356,172070129,0,0,0
BRA,South America,9/19/2022,0.351,471886071,186794251,172085291,221,0,0
BRA,South America,9/20/2022,0.284,471922157,186802634,172101534,4,0,0
BRA,South America,9/21/2022,0.205,472074264,186822935,172143680,0,0,0
BRA,South America,9/22/2022,0.316,0,0,0,249,0,0
BRA,South America,9/23/2022,0.365,472271029,186857554,172196847,73,0,0
BRA,South America,9/24/2022,0.365,472338682,186866076,172212074,0,0,0
BRA,South America,9/25/2022,0.365,472364620,186868669,172217754,0,0,0
BRA,South America,9/26/2022,0.274,472820035,187303916,172225884,85,0,0
BRA,South America,9/27/2022,0.271,472853663,187313182,172239966,0,0,0
BRA,South America,9/28/2022,0.333,472972308,187327659,172264693,92,0,0
BRA,South America,9/29/2022,0.167,0,0,0,0,0,0
BRA,South America,9/30/2022,0.191,0,0,0,109,0,0
BRA,South America,10/1/2022,0.191,0,0,0,0,0,0
BRA,South America,10/2/2022,0.191,0,0,0,0,0,0
BRA,South America,10/3/2022,0.357,0,0,0,335,0,0
BRA,South America,10/4/2022,0.357,0,0,0,0,0,0
BRA,South America,10/5/2022,0.431,0,0,0,202,0,0
BRA,South America,10/6/2022,0.519,0,0,0,133,0,0
BRA,South America,10/7/2022,0.447,473061343,187376439,172307814,0,0,0
BRA,South America,10/8/2022,0.447,473061574,187376439,172308045,0,0,0
BRA,South America,10/9/2022,0.447,473061603,187376439,172308074,0,0,0
BRA,South America,10/10/2022,0.337,473062582,187377009,172308483,171,0,0
BRA,South America,10/11/2022,0.395,473062796,187377009,172308697,86,0,0
BRA,South America,10/12/2022,0.26,0,0,0,0,0,0
BRA,South America,10/13/2022,0.242,473081170,187385383,172318697,106,0,0
BRA,South America,10/14/2022,0.292,473081511,187385383,172319038,75,0,0
BRA,South America,10/15/2022,0.292,473081752,187385383,172319279,0,0,0
BRA,South America,10/16/2022,0.292,473081842,187385383,172319369,0,0,0
BRA,South America,10/17/2022,0.178,473082944,187385383,172320471,0,0,0
BRA,South America,10/18/2022,0.121,473101078,187385670,172338318,0,0,0
BRA,South America,10/19/2022,0.307,473101313,187385670,172338553,279,0,0
BRA,South America,10/20/2022,0.236,473101635,187385670,172338875,0,0,0
BRA,South America,10/21/2022,0.255,473101789,187385670,172339029,104,0,0
BRA,South America,10/22/2022,0.255,473101982,187385670,172339222,0,0,0
BRA,South America,10/23/2022,0.255,473101996,187385670,172339236,0,0,0
